{"__meta":{"schema_version":3,"schema_name":"GBMModelV3","schema_type":"GBMModel"},"model_id":{"__meta":{"schema_version":3,"schema_name":"ModelKeyV3","schema_type":"Key<Model>"},"name":"gbm_grid1_model_264","type":"Key<Model>","URL":"/3/Models/gbm_grid1_model_264"},"algo":"gbm","algo_full_name":"Gradient Boosting Machine","response_column_name":"SalePrice","data_frame":{"__meta":{"schema_version":3,"schema_name":"FrameKeyV3","schema_type":"Key<Frame>"},"name":"Key_Frame__upload_b2f5386aecd47f72f3bee76981f243ae.hex","type":"Key<Frame>","URL":"/3/Frames/Key_Frame__upload_b2f5386aecd47f72f3bee76981f243ae.hex"},"timestamp":1593123196117,"have_pojo":true,"have_mojo":true,"algo":"gbm","algo_full_name":"Gradient Boosting Machine","model_id":{"__meta":{"schema_version":3,"schema_name":"ModelKeyV3","schema_type":"Key<Model>"},"name":"gbm_grid1_model_264","type":"Key<Model>","URL":"/3/Models/gbm_grid1_model_264"},"parameters":[{"__meta":{"schema_version":3,"schema_name":"ModelParameterSchemaV3","schema_type":"Iced"},"name":"model_id","label":"model_id","help":"Destination id for this model; auto-generated if not specified.","required":false,"type":"Key<Model>","default_value":null,"actual_value":{"__meta":{"schema_version":3,"schema_name":"ModelKeyV3","schema_type":"Key<Model>"},"name":"gbm_grid1_model_264","type":"Key<Model>","URL":"/3/Models/gbm_grid1_model_264"},"level":"critical","values":[],"is_member_of_frames":[],"is_mutually_exclusive_with":[],"gridable":false},{"__meta":{"schema_version":3,"schema_name":"ModelParameterSchemaV3","schema_type":"Iced"},"name":"training_frame","label":"training_frame","help":"Id of the training data frame.","required":false,"type":"Key<Frame>","default_value":null,"actual_value":{"__meta":{"schema_version":3,"schema_name":"FrameKeyV3","schema_type":"Key<Frame>"},"name":"Key_Frame__upload_b2f5386aecd47f72f3bee76981f243ae.hex","type":"Key<Frame>","URL":"/3/Frames/Key_Frame__upload_b2f5386aecd47f72f3bee76981f243ae.hex"},"level":"critical","values":[],"is_member_of_frames":[],"is_mutually_exclusive_with":[],"gridable":false},{"__meta":{"schema_version":3,"schema_name":"ModelParameterSchemaV3","schema_type":"Iced"},"name":"validation_frame","label":"validation_frame","help":"Id of the validation data frame.","required":false,"type":"Key<Frame>","default_value":null,"actual_value":{"__meta":{"schema_version":3,"schema_name":"FrameKeyV3","schema_type":"Key<Frame>"},"name":"Key_Frame__upload_a7b61891a28b28f1da5a7b42c51341d8.hex","type":"Key<Frame>","URL":"/3/Frames/Key_Frame__upload_a7b61891a28b28f1da5a7b42c51341d8.hex"},"level":"critical","values":[],"is_member_of_frames":[],"is_mutually_exclusive_with":[],"gridable":true},{"__meta":{"schema_version":3,"schema_name":"ModelParameterSchemaV3","schema_type":"Iced"},"name":"nfolds","label":"nfolds","help":"Number of folds for K-fold cross-validation (0 to disable or >= 2).","required":false,"type":"int","default_value":0,"actual_value":0,"level":"critical","values":[],"is_member_of_frames":[],"is_mutually_exclusive_with":[],"gridable":false},{"__meta":{"schema_version":3,"schema_name":"ModelParameterSchemaV3","schema_type":"Iced"},"name":"keep_cross_validation_models","label":"keep_cross_validation_models","help":"Whether to keep the cross-validation models.","required":false,"type":"boolean","default_value":true,"actual_value":true,"level":"expert","values":[],"is_member_of_frames":[],"is_mutually_exclusive_with":[],"gridable":false},{"__meta":{"schema_version":3,"schema_name":"ModelParameterSchemaV3","schema_type":"Iced"},"name":"keep_cross_validation_predictions","label":"keep_cross_validation_predictions","help":"Whether to keep the predictions of the cross-validation models.","required":false,"type":"boolean","default_value":false,"actual_value":false,"level":"expert","values":[],"is_member_of_frames":[],"is_mutually_exclusive_with":[],"gridable":false},{"__meta":{"schema_version":3,"schema_name":"ModelParameterSchemaV3","schema_type":"Iced"},"name":"keep_cross_validation_fold_assignment","label":"keep_cross_validation_fold_assignment","help":"Whether to keep the cross-validation fold assignment.","required":false,"type":"boolean","default_value":false,"actual_value":false,"level":"expert","values":[],"is_member_of_frames":[],"is_mutually_exclusive_with":[],"gridable":false},{"__meta":{"schema_version":3,"schema_name":"ModelParameterSchemaV3","schema_type":"Iced"},"name":"score_each_iteration","label":"score_each_iteration","help":"Whether to score during each iteration of model training.","required":false,"type":"boolean","default_value":false,"actual_value":false,"level":"secondary","values":[],"is_member_of_frames":[],"is_mutually_exclusive_with":[],"gridable":false},{"__meta":{"schema_version":3,"schema_name":"ModelParameterSchemaV3","schema_type":"Iced"},"name":"score_tree_interval","label":"score_tree_interval","help":"Score the model after every so many trees. Disabled if set to 0.","required":false,"type":"int","default_value":0,"actual_value":0,"level":"secondary","values":[],"is_member_of_frames":[],"is_mutually_exclusive_with":[],"gridable":false},{"__meta":{"schema_version":3,"schema_name":"ModelParameterSchemaV3","schema_type":"Iced"},"name":"fold_assignment","label":"fold_assignment","help":"Cross-validation fold assignment scheme, if fold_column is not specified. The 'Stratified' option will stratify the folds based on the response variable, for classification problems.","required":false,"type":"enum","default_value":"AUTO","actual_value":"AUTO","level":"secondary","values":["AUTO","Random","Modulo","Stratified"],"is_member_of_frames":[],"is_mutually_exclusive_with":[],"gridable":true},{"__meta":{"schema_version":3,"schema_name":"ModelParameterSchemaV3","schema_type":"Iced"},"name":"fold_column","label":"fold_column","help":"Column with cross-validation fold index assignment per observation.","required":false,"type":"VecSpecifier","default_value":null,"actual_value":null,"level":"secondary","values":[],"is_member_of_frames":["training_frame"],"is_mutually_exclusive_with":["response_column","weights_column","ignored_columns","offset_column"],"gridable":true},{"__meta":{"schema_version":3,"schema_name":"ModelParameterSchemaV3","schema_type":"Iced"},"name":"response_column","label":"response_column","help":"Response variable column.","required":false,"type":"VecSpecifier","default_value":null,"actual_value":{"__meta":{"schema_version":3,"schema_name":"ColSpecifierV3","schema_type":"VecSpecifier"},"column_name":"SalePrice","is_member_of_frames":null},"level":"critical","values":[],"is_member_of_frames":["training_frame","validation_frame"],"is_mutually_exclusive_with":["weights_column","ignored_columns","offset_column","fold_column"],"gridable":true},{"__meta":{"schema_version":3,"schema_name":"ModelParameterSchemaV3","schema_type":"Iced"},"name":"ignored_columns","label":"ignored_columns","help":"Names of columns to ignore for training.","required":false,"type":"string[]","default_value":null,"actual_value":null,"level":"critical","values":[],"is_member_of_frames":["training_frame","validation_frame"],"is_mutually_exclusive_with":["response_column","weights_column","offset_column","fold_column"],"gridable":false},{"__meta":{"schema_version":3,"schema_name":"ModelParameterSchemaV3","schema_type":"Iced"},"name":"ignore_const_cols","label":"ignore_const_cols","help":"Ignore constant columns.","required":false,"type":"boolean","default_value":true,"actual_value":true,"level":"critical","values":[],"is_member_of_frames":[],"is_mutually_exclusive_with":[],"gridable":false},{"__meta":{"schema_version":3,"schema_name":"ModelParameterSchemaV3","schema_type":"Iced"},"name":"offset_column","label":"offset_column","help":"Offset column. This will be added to the combination of columns before applying the link function.","required":false,"type":"VecSpecifier","default_value":null,"actual_value":null,"level":"secondary","values":[],"is_member_of_frames":["training_frame","validation_frame"],"is_mutually_exclusive_with":["response_column","weights_column","ignored_columns","fold_column"],"gridable":true},{"__meta":{"schema_version":3,"schema_name":"ModelParameterSchemaV3","schema_type":"Iced"},"name":"weights_column","label":"weights_column","help":"Column with observation weights. Giving some observation a weight of zero is equivalent to excluding it from the dataset; giving an observation a relative weight of 2 is equivalent to repeating that row twice. Negative weights are not allowed. Note: Weights are per-row observation weights and do not increase the size of the data frame. This is typically the number of times a row is repeated, but non-integer values are supported as well. During training, rows with higher weights matter more, due to the larger loss function pre-factor.","required":false,"type":"VecSpecifier","default_value":null,"actual_value":null,"level":"secondary","values":[],"is_member_of_frames":["training_frame","validation_frame"],"is_mutually_exclusive_with":["response_column","ignored_columns","offset_column","fold_column"],"gridable":true},{"__meta":{"schema_version":3,"schema_name":"ModelParameterSchemaV3","schema_type":"Iced"},"name":"balance_classes","label":"balance_classes","help":"Balance training data class counts via over/under-sampling (for imbalanced data).","required":false,"type":"boolean","default_value":false,"actual_value":false,"level":"secondary","values":[],"is_member_of_frames":[],"is_mutually_exclusive_with":[],"gridable":true},{"__meta":{"schema_version":3,"schema_name":"ModelParameterSchemaV3","schema_type":"Iced"},"name":"class_sampling_factors","label":"class_sampling_factors","help":"Desired over/under-sampling ratios per class (in lexicographic order). If not specified, sampling factors will be automatically computed to obtain class balance during training. Requires balance_classes.","required":false,"type":"float[]","default_value":null,"actual_value":null,"level":"expert","values":[],"is_member_of_frames":[],"is_mutually_exclusive_with":[],"gridable":true},{"__meta":{"schema_version":3,"schema_name":"ModelParameterSchemaV3","schema_type":"Iced"},"name":"max_after_balance_size","label":"max_after_balance_size","help":"Maximum relative size of the training data after balancing class counts (can be less than 1.0). Requires balance_classes.","required":false,"type":"float","default_value":5.0,"actual_value":5.0,"level":"expert","values":[],"is_member_of_frames":[],"is_mutually_exclusive_with":[],"gridable":true},{"__meta":{"schema_version":3,"schema_name":"ModelParameterSchemaV3","schema_type":"Iced"},"name":"max_confusion_matrix_size","label":"max_confusion_matrix_size","help":"[Deprecated] Maximum size (# classes) for confusion matrices to be printed in the Logs","required":false,"type":"int","default_value":20,"actual_value":20,"level":"secondary","values":[],"is_member_of_frames":[],"is_mutually_exclusive_with":[],"gridable":false},{"__meta":{"schema_version":3,"schema_name":"ModelParameterSchemaV3","schema_type":"Iced"},"name":"max_hit_ratio_k","label":"max_hit_ratio_k","help":"Max. number (top K) of predictions to use for hit ratio computation (for multi-class only, 0 to disable)","required":false,"type":"int","default_value":0,"actual_value":0,"level":"secondary","values":[],"is_member_of_frames":[],"is_mutually_exclusive_with":[],"gridable":false},{"__meta":{"schema_version":3,"schema_name":"ModelParameterSchemaV3","schema_type":"Iced"},"name":"ntrees","label":"ntrees","help":"Number of trees.","required":false,"type":"int","default_value":50,"actual_value":200,"level":"critical","values":[],"is_member_of_frames":[],"is_mutually_exclusive_with":[],"gridable":true},{"__meta":{"schema_version":3,"schema_name":"ModelParameterSchemaV3","schema_type":"Iced"},"name":"max_depth","label":"max_depth","help":"Maximum tree depth.","required":false,"type":"int","default_value":5,"actual_value":2,"level":"critical","values":[],"is_member_of_frames":[],"is_mutually_exclusive_with":[],"gridable":true},{"__meta":{"schema_version":3,"schema_name":"ModelParameterSchemaV3","schema_type":"Iced"},"name":"min_rows","label":"min_rows","help":"Fewest allowed (weighted) observations in a leaf.","required":false,"type":"double","default_value":10.0,"actual_value":10.0,"level":"critical","values":[],"is_member_of_frames":[],"is_mutually_exclusive_with":[],"gridable":true},{"__meta":{"schema_version":3,"schema_name":"ModelParameterSchemaV3","schema_type":"Iced"},"name":"nbins","label":"nbins","help":"For numerical columns (real/int), build a histogram of (at least) this many bins, then split at the best point","required":false,"type":"int","default_value":20,"actual_value":20,"level":"critical","values":[],"is_member_of_frames":[],"is_mutually_exclusive_with":[],"gridable":true},{"__meta":{"schema_version":3,"schema_name":"ModelParameterSchemaV3","schema_type":"Iced"},"name":"nbins_top_level","label":"nbins_top_level","help":"For numerical columns (real/int), build a histogram of (at most) this many bins at the root level, then decrease by factor of two per level","required":false,"type":"int","default_value":1024,"actual_value":1024,"level":"secondary","values":[],"is_member_of_frames":[],"is_mutually_exclusive_with":[],"gridable":true},{"__meta":{"schema_version":3,"schema_name":"ModelParameterSchemaV3","schema_type":"Iced"},"name":"nbins_cats","label":"nbins_cats","help":"For categorical columns (factors), build a histogram of this many bins, then split at the best point. Higher values can lead to more overfitting.","required":false,"type":"int","default_value":1024,"actual_value":1024,"level":"secondary","values":[],"is_member_of_frames":[],"is_mutually_exclusive_with":[],"gridable":true},{"__meta":{"schema_version":3,"schema_name":"ModelParameterSchemaV3","schema_type":"Iced"},"name":"r2_stopping","label":"r2_stopping","help":"r2_stopping is no longer supported and will be ignored if set - please use stopping_rounds, stopping_metric and stopping_tolerance instead. Previous version of H2O would stop making trees when the R^2 metric equals or exceeds this","required":false,"type":"double","default_value":1.7976931348623157E308,"actual_value":1.7976931348623157E308,"level":"secondary","values":[],"is_member_of_frames":[],"is_mutually_exclusive_with":[],"gridable":true},{"__meta":{"schema_version":3,"schema_name":"ModelParameterSchemaV3","schema_type":"Iced"},"name":"stopping_rounds","label":"stopping_rounds","help":"Early stopping based on convergence of stopping_metric. Stop if simple moving average of length k of the stopping_metric does not improve for k:=stopping_rounds scoring events (0 to disable)","required":false,"type":"int","default_value":0,"actual_value":0,"level":"secondary","values":[],"is_member_of_frames":[],"is_mutually_exclusive_with":[],"gridable":true},{"__meta":{"schema_version":3,"schema_name":"ModelParameterSchemaV3","schema_type":"Iced"},"name":"stopping_metric","label":"stopping_metric","help":"Metric to use for early stopping (AUTO: logloss for classification, deviance for regression and anonomaly_score for Isolation Forest). Note that custom and custom_increasing can only be used in GBM and DRF with the Python client.","required":false,"type":"enum","default_value":"AUTO","actual_value":"AUTO","level":"secondary","values":["AUTO","deviance","logloss","MSE","RMSE","MAE","RMSLE","AUC","lift_top_group","misclassification","AUCPR","mean_per_class_error","anomaly_score","custom","custom_increasing"],"is_member_of_frames":[],"is_mutually_exclusive_with":[],"gridable":true},{"__meta":{"schema_version":3,"schema_name":"ModelParameterSchemaV3","schema_type":"Iced"},"name":"stopping_tolerance","label":"stopping_tolerance","help":"Relative tolerance for metric-based stopping criterion (stop if relative improvement is not at least this much)","required":false,"type":"double","default_value":0.001,"actual_value":0.001,"level":"secondary","values":[],"is_member_of_frames":[],"is_mutually_exclusive_with":[],"gridable":true},{"__meta":{"schema_version":3,"schema_name":"ModelParameterSchemaV3","schema_type":"Iced"},"name":"max_runtime_secs","label":"max_runtime_secs","help":"Maximum allowed runtime in seconds for model training. Use 0 to disable.","required":false,"type":"double","default_value":0.0,"actual_value":0.0,"level":"secondary","values":[],"is_member_of_frames":[],"is_mutually_exclusive_with":[],"gridable":true},{"__meta":{"schema_version":3,"schema_name":"ModelParameterSchemaV3","schema_type":"Iced"},"name":"seed","label":"seed","help":"Seed for pseudo random number generator (if applicable)","required":false,"type":"long","default_value":-1,"actual_value":1111,"level":"critical","values":[],"is_member_of_frames":[],"is_mutually_exclusive_with":[],"gridable":true},{"__meta":{"schema_version":3,"schema_name":"ModelParameterSchemaV3","schema_type":"Iced"},"name":"build_tree_one_node","label":"build_tree_one_node","help":"Run on one node only; no network overhead but fewer cpus used.  Suitable for small datasets.","required":false,"type":"boolean","default_value":false,"actual_value":false,"level":"expert","values":[],"is_member_of_frames":[],"is_mutually_exclusive_with":[],"gridable":false},{"__meta":{"schema_version":3,"schema_name":"ModelParameterSchemaV3","schema_type":"Iced"},"name":"learn_rate","label":"learn_rate","help":"Learning rate (from 0.0 to 1.0)","required":false,"type":"double","default_value":0.1,"actual_value":0.1,"level":"critical","values":[],"is_member_of_frames":[],"is_mutually_exclusive_with":[],"gridable":true},{"__meta":{"schema_version":3,"schema_name":"ModelParameterSchemaV3","schema_type":"Iced"},"name":"learn_rate_annealing","label":"learn_rate_annealing","help":"Scale the learning rate by this factor after each tree (e.g., 0.99 or 0.999) ","required":false,"type":"double","default_value":1.0,"actual_value":1.0,"level":"secondary","values":[],"is_member_of_frames":[],"is_mutually_exclusive_with":[],"gridable":true},{"__meta":{"schema_version":3,"schema_name":"ModelParameterSchemaV3","schema_type":"Iced"},"name":"distribution","label":"distribution","help":"Distribution function","required":false,"type":"enum","default_value":"AUTO","actual_value":"gaussian","level":"secondary","values":["AUTO","bernoulli","quasibinomial","ordinal","multinomial","gaussian","poisson","gamma","tweedie","laplace","quantile","huber","custom"],"is_member_of_frames":[],"is_mutually_exclusive_with":[],"gridable":true},{"__meta":{"schema_version":3,"schema_name":"ModelParameterSchemaV3","schema_type":"Iced"},"name":"quantile_alpha","label":"quantile_alpha","help":"Desired quantile for Quantile regression, must be between 0 and 1.","required":false,"type":"double","default_value":0.5,"actual_value":0.5,"level":"secondary","values":[],"is_member_of_frames":[],"is_mutually_exclusive_with":[],"gridable":true},{"__meta":{"schema_version":3,"schema_name":"ModelParameterSchemaV3","schema_type":"Iced"},"name":"tweedie_power","label":"tweedie_power","help":"Tweedie power for Tweedie regression, must be between 1 and 2.","required":false,"type":"double","default_value":1.5,"actual_value":1.5,"level":"secondary","values":[],"is_member_of_frames":[],"is_mutually_exclusive_with":[],"gridable":true},{"__meta":{"schema_version":3,"schema_name":"ModelParameterSchemaV3","schema_type":"Iced"},"name":"huber_alpha","label":"huber_alpha","help":"Desired quantile for Huber/M-regression (threshold between quadratic and linear loss, must be between 0 and 1).","required":false,"type":"double","default_value":0.9,"actual_value":0.9,"level":"secondary","values":[],"is_member_of_frames":[],"is_mutually_exclusive_with":[],"gridable":true},{"__meta":{"schema_version":3,"schema_name":"ModelParameterSchemaV3","schema_type":"Iced"},"name":"checkpoint","label":"checkpoint","help":"Model checkpoint to resume training with.","required":false,"type":"Key<Model>","default_value":null,"actual_value":null,"level":"secondary","values":[],"is_member_of_frames":[],"is_mutually_exclusive_with":[],"gridable":false},{"__meta":{"schema_version":3,"schema_name":"ModelParameterSchemaV3","schema_type":"Iced"},"name":"sample_rate","label":"sample_rate","help":"Row sample rate per tree (from 0.0 to 1.0)","required":false,"type":"double","default_value":1.0,"actual_value":0.9,"level":"critical","values":[],"is_member_of_frames":[],"is_mutually_exclusive_with":[],"gridable":true},{"__meta":{"schema_version":3,"schema_name":"ModelParameterSchemaV3","schema_type":"Iced"},"name":"sample_rate_per_class","label":"sample_rate_per_class","help":"A list of row sample rates per class (relative fraction for each class, from 0.0 to 1.0), for each tree","required":false,"type":"double[]","default_value":null,"actual_value":null,"level":"expert","values":[],"is_member_of_frames":[],"is_mutually_exclusive_with":[],"gridable":true},{"__meta":{"schema_version":3,"schema_name":"ModelParameterSchemaV3","schema_type":"Iced"},"name":"col_sample_rate","label":"col_sample_rate","help":"Column sample rate (from 0.0 to 1.0)","required":false,"type":"double","default_value":1.0,"actual_value":0.2,"level":"critical","values":[],"is_member_of_frames":[],"is_mutually_exclusive_with":[],"gridable":true},{"__meta":{"schema_version":3,"schema_name":"ModelParameterSchemaV3","schema_type":"Iced"},"name":"col_sample_rate_change_per_level","label":"col_sample_rate_change_per_level","help":"Relative change of the column sampling rate for every level (must be > 0.0 and <= 2.0)","required":false,"type":"double","default_value":1.0,"actual_value":1.0,"level":"expert","values":[],"is_member_of_frames":[],"is_mutually_exclusive_with":[],"gridable":true},{"__meta":{"schema_version":3,"schema_name":"ModelParameterSchemaV3","schema_type":"Iced"},"name":"col_sample_rate_per_tree","label":"col_sample_rate_per_tree","help":"Column sample rate per tree (from 0.0 to 1.0)","required":false,"type":"double","default_value":1.0,"actual_value":1.0,"level":"secondary","values":[],"is_member_of_frames":[],"is_mutually_exclusive_with":[],"gridable":true},{"__meta":{"schema_version":3,"schema_name":"ModelParameterSchemaV3","schema_type":"Iced"},"name":"min_split_improvement","label":"min_split_improvement","help":"Minimum relative improvement in squared error reduction for a split to happen","required":false,"type":"double","default_value":1.0E-5,"actual_value":1.0E-5,"level":"secondary","values":[],"is_member_of_frames":[],"is_mutually_exclusive_with":[],"gridable":true},{"__meta":{"schema_version":3,"schema_name":"ModelParameterSchemaV3","schema_type":"Iced"},"name":"histogram_type","label":"histogram_type","help":"What type of histogram to use for finding optimal split points","required":false,"type":"enum","default_value":"AUTO","actual_value":"AUTO","level":"secondary","values":["AUTO","UniformAdaptive","Random","QuantilesGlobal","RoundRobin"],"is_member_of_frames":[],"is_mutually_exclusive_with":[],"gridable":true},{"__meta":{"schema_version":3,"schema_name":"ModelParameterSchemaV3","schema_type":"Iced"},"name":"max_abs_leafnode_pred","label":"max_abs_leafnode_pred","help":"Maximum absolute value of a leaf node prediction","required":false,"type":"double","default_value":1.7976931348623157E308,"actual_value":1.7976931348623157E308,"level":"expert","values":[],"is_member_of_frames":[],"is_mutually_exclusive_with":[],"gridable":true},{"__meta":{"schema_version":3,"schema_name":"ModelParameterSchemaV3","schema_type":"Iced"},"name":"pred_noise_bandwidth","label":"pred_noise_bandwidth","help":"Bandwidth (sigma) of Gaussian multiplicative noise ~N(1,sigma) for tree node predictions","required":false,"type":"double","default_value":0.0,"actual_value":0.0,"level":"expert","values":[],"is_member_of_frames":[],"is_mutually_exclusive_with":[],"gridable":true},{"__meta":{"schema_version":3,"schema_name":"ModelParameterSchemaV3","schema_type":"Iced"},"name":"categorical_encoding","label":"categorical_encoding","help":"Encoding scheme for categorical features","required":false,"type":"enum","default_value":"AUTO","actual_value":"AUTO","level":"secondary","values":["AUTO","Enum","OneHotInternal","OneHotExplicit","Binary","Eigen","LabelEncoder","SortByResponse","EnumLimited"],"is_member_of_frames":[],"is_mutually_exclusive_with":[],"gridable":true},{"__meta":{"schema_version":3,"schema_name":"ModelParameterSchemaV3","schema_type":"Iced"},"name":"calibrate_model","label":"calibrate_model","help":"Use Platt Scaling to calculate calibrated class probabilities. Calibration can provide more accurate estimates of class probabilities.","required":false,"type":"boolean","default_value":false,"actual_value":false,"level":"expert","values":[],"is_member_of_frames":[],"is_mutually_exclusive_with":[],"gridable":false},{"__meta":{"schema_version":3,"schema_name":"ModelParameterSchemaV3","schema_type":"Iced"},"name":"calibration_frame","label":"calibration_frame","help":"Calibration frame for Platt Scaling","required":false,"type":"Key<Frame>","default_value":null,"actual_value":null,"level":"expert","values":[],"is_member_of_frames":[],"is_mutually_exclusive_with":[],"gridable":false},{"__meta":{"schema_version":3,"schema_name":"ModelParameterSchemaV3","schema_type":"Iced"},"name":"custom_metric_func","label":"custom_metric_func","help":"Reference to custom evaluation function, format: `language:keyName=funcName`","required":false,"type":"string","default_value":null,"actual_value":null,"level":"secondary","values":[],"is_member_of_frames":[],"is_mutually_exclusive_with":[],"gridable":false},{"__meta":{"schema_version":3,"schema_name":"ModelParameterSchemaV3","schema_type":"Iced"},"name":"custom_distribution_func","label":"custom_distribution_func","help":"Reference to custom distribution, format: `language:keyName=funcName`","required":false,"type":"string","default_value":null,"actual_value":null,"level":"secondary","values":[],"is_member_of_frames":[],"is_mutually_exclusive_with":[],"gridable":false},{"__meta":{"schema_version":3,"schema_name":"ModelParameterSchemaV3","schema_type":"Iced"},"name":"export_checkpoints_dir","label":"export_checkpoints_dir","help":"Automatically export generated models to this directory.","required":false,"type":"string","default_value":null,"actual_value":null,"level":"secondary","values":[],"is_member_of_frames":[],"is_mutually_exclusive_with":[],"gridable":false},{"__meta":{"schema_version":3,"schema_name":"ModelParameterSchemaV3","schema_type":"Iced"},"name":"monotone_constraints","label":"monotone_constraints","help":"A mapping representing monotonic constraints. Use +1 to enforce an increasing constraint and -1 to specify a decreasing constraint.","required":false,"type":"KeyValue[]","default_value":null,"actual_value":null,"level":"secondary","values":[],"is_member_of_frames":[],"is_mutually_exclusive_with":[],"gridable":false},{"__meta":{"schema_version":3,"schema_name":"ModelParameterSchemaV3","schema_type":"Iced"},"name":"check_constant_response","label":"check_constant_response","help":"Check if response column is constant. If enabled, then an exception is thrown if the response column is a constant value.If disabled, then model will train regardless of the response column being a constant value or not.","required":false,"type":"boolean","default_value":true,"actual_value":true,"level":"expert","values":[],"is_member_of_frames":[],"is_mutually_exclusive_with":[],"gridable":false}],"output":{"__meta":{"schema_version":3,"schema_name":"GBMModelOutputV3","schema_type":"GBMOutput"},"names":["MSZoning","LotFrontage","LotArea","Street","Alley","LotShape","LandContour","Utilities","LotConfig","LandSlope","Neighborhood","Condition1","Condition2","BldgType","HouseStyle","OverallQual","OverallCond","RoofStyle","RoofMatl","Exterior1st","Exterior2nd","MasVnrType","MasVnrArea","ExterQual","ExterCond","Foundation","BsmtQual","BsmtCond","BsmtExposure","BsmtFinType1","BsmtFinSF1","BsmtFinType2","BsmtFinSF2","BsmtUnfSF","TotalBsmtSF","Heating","HeatingQC","CentralAir","Electrical","1stFlrSF","2ndFlrSF","LowQualFinSF","GrLivArea","BsmtFullBath","BsmtHalfBath","FullBath","HalfBath","BedroomAbvGr","KitchenAbvGr","KitchenQual","TotRmsAbvGrd","Functional","Fireplaces","FireplaceQu","GarageType","GarageFinish","GarageCars","GarageArea","GarageCond","PavedDrive","WoodDeckSF","OpenPorchSF","EnclosedPorch","3SsnPorch","ScreenPorch","PoolQC","Fence","MiscFeature","MiscVal","YrSold","SaleType","SaleCondition","Age_House","Age_Renovation","Garage_age","TotalSF","SalePrice"],"column_types":["Enum","Numeric","Numeric","Numeric","Numeric","Numeric","Enum","Enum","Enum","Numeric","Enum","Enum","Enum","Enum","Enum","Numeric","Numeric","Enum","Enum","Enum","Enum","Enum","Numeric","Numeric","Numeric","Enum","Numeric","Numeric","Numeric","Numeric","Numeric","Numeric","Numeric","Numeric","Numeric","Enum","Numeric","Numeric","Enum","Numeric","Numeric","Numeric","Numeric","Numeric","Numeric","Numeric","Numeric","Numeric","Numeric","Numeric","Numeric","Numeric","Numeric","Numeric","Enum","Numeric","Numeric","Numeric","Numeric","Numeric","Numeric","Numeric","Numeric","Numeric","Numeric","Numeric","Numeric","Enum","Numeric","Numeric","Enum","Enum","Numeric","Numeric","Numeric","Numeric","Numeric"],"domains":[["C (all)","FV","RH","RL","RM"],null,null,null,null,null,["Bnk","HLS","Low","Lvl"],["AllPub","NoSeWa"],["Corner","CulDSac","FR2","FR3","Inside"],null,["Blmngtn","Blueste","BrDale","BrkSide","ClearCr","CollgCr","Crawfor","Edwards","Gilbert","IDOTRR","MeadowV","Mitchel","NAmes","NPkVill","NWAmes","NoRidge","NridgHt","OldTown","SWISU","Sawyer","SawyerW","Somerst","StoneBr","Timber","Veenker"],["Artery","Feedr","Norm","PosA","PosN","RRAe","RRAn","RRNe","RRNn"],["Artery","Feedr","Norm","PosN","RRAn","RRNn"],["1Fam","2fmCon","Duplex","Twnhs","TwnhsE"],["1.5Fin","1.5Unf","1Story","2.5Fin","2.5Unf","2Story","SFoyer","SLvl"],null,null,["Flat","Gable","Gambrel","Hip","Mansard"],["ClyTile","CompShg","Membran","Metal","Roll","Tar&Grv","WdShake","WdShngl"],["AsbShng","AsphShn","BrkComm","BrkFace","CemntBd","HdBoard","ImStucc","MetalSd","Plywood","Stone","Stucco","VinylSd","Wd Sdng","WdShing"],["AsbShng","AsphShn","Brk Cmn","BrkFace","CmentBd","HdBoard","ImStucc","MetalSd","Plywood","Stone","Stucco","VinylSd","Wd Sdng","Wd Shng"],["BrkCmn","BrkFace","None","Stone"],null,null,null,["BrkTil","CBlock","PConc","Slab","Stone","Wood"],null,null,null,null,null,null,null,null,null,["Floor","GasA","GasW","Grav","Wall"],null,null,["FuseA","FuseF","FuseP","Mix","None","SBrkr"],null,null,null,null,null,null,null,null,null,null,null,null,null,null,null,["2Types","Attchd","Basment","BuiltIn","CarPort","Detchd","None"],null,null,null,null,null,null,null,null,null,null,null,null,["None","Othr","Shed","TenC"],null,null,["COD","CWD","Con","ConLD","ConLI","ConLw","New","Oth","WD"],["Abnorml","AdjLand","Alloca","Family","Normal","Partial"],null,null,null,null,null],"cross_validation_models":null,"cross_validation_predictions":null,"cross_validation_holdout_predictions_frame_id":null,"cross_validation_fold_assignment_frame_id":null,"model_category":"Regression","model_summary":{"__meta":{"schema_version":3,"schema_name":"TwoDimTableV3","schema_type":"TwoDimTable"},"name":"Model Summary","description":"","columns":[{"__meta":{"schema_version":-1,"schema_name":"ColumnSpecsBase","schema_type":"Iced"},"name":"","type":"string","format":"%s","description":""},{"__meta":{"schema_version":-1,"schema_name":"ColumnSpecsBase","schema_type":"Iced"},"name":"number_of_trees","type":"long","format":"%d","description":"Number of Trees"},{"__meta":{"schema_version":-1,"schema_name":"ColumnSpecsBase","schema_type":"Iced"},"name":"number_of_internal_trees","type":"long","format":"%d","description":"Number of Internal Trees"},{"__meta":{"schema_version":-1,"schema_name":"ColumnSpecsBase","schema_type":"Iced"},"name":"model_size_in_bytes","type":"long","format":"%d","description":"Model Size in Bytes"},{"__meta":{"schema_version":-1,"schema_name":"ColumnSpecsBase","schema_type":"Iced"},"name":"min_depth","type":"long","format":"%d","description":"Min. Depth"},{"__meta":{"schema_version":-1,"schema_name":"ColumnSpecsBase","schema_type":"Iced"},"name":"max_depth","type":"long","format":"%d","description":"Max. Depth"},{"__meta":{"schema_version":-1,"schema_name":"ColumnSpecsBase","schema_type":"Iced"},"name":"mean_depth","type":"double","format":"%.5f","description":"Mean Depth"},{"__meta":{"schema_version":-1,"schema_name":"ColumnSpecsBase","schema_type":"Iced"},"name":"min_leaves","type":"long","format":"%d","description":"Min. Leaves"},{"__meta":{"schema_version":-1,"schema_name":"ColumnSpecsBase","schema_type":"Iced"},"name":"max_leaves","type":"long","format":"%d","description":"Max. Leaves"},{"__meta":{"schema_version":-1,"schema_name":"ColumnSpecsBase","schema_type":"Iced"},"name":"mean_leaves","type":"double","format":"%.5f","description":"Mean Leaves"}],"rowcount":1,"data":[[""],[200],[200],[21446],[2],[2],[2.0],[3],[4],[3.825]]},"scoring_history":{"__meta":{"schema_version":3,"schema_name":"TwoDimTableV3","schema_type":"TwoDimTable"},"name":"Scoring History","description":"","columns":[{"__meta":{"schema_version":-1,"schema_name":"ColumnSpecsBase","schema_type":"Iced"},"name":"","type":"string","format":"%s","description":""},{"__meta":{"schema_version":-1,"schema_name":"ColumnSpecsBase","schema_type":"Iced"},"name":"timestamp","type":"string","format":"%s","description":"Timestamp"},{"__meta":{"schema_version":-1,"schema_name":"ColumnSpecsBase","schema_type":"Iced"},"name":"duration","type":"string","format":"%s","description":"Duration"},{"__meta":{"schema_version":-1,"schema_name":"ColumnSpecsBase","schema_type":"Iced"},"name":"number_of_trees","type":"long","format":"%d","description":"Number of Trees"},{"__meta":{"schema_version":-1,"schema_name":"ColumnSpecsBase","schema_type":"Iced"},"name":"training_rmse","type":"double","format":"%.5f","description":"Training RMSE"},{"__meta":{"schema_version":-1,"schema_name":"ColumnSpecsBase","schema_type":"Iced"},"name":"training_mae","type":"double","format":"%.5f","description":"Training MAE"},{"__meta":{"schema_version":-1,"schema_name":"ColumnSpecsBase","schema_type":"Iced"},"name":"training_deviance","type":"double","format":"%.5f","description":"Training Deviance"},{"__meta":{"schema_version":-1,"schema_name":"ColumnSpecsBase","schema_type":"Iced"},"name":"validation_rmse","type":"double","format":"%.5f","description":"Validation RMSE"},{"__meta":{"schema_version":-1,"schema_name":"ColumnSpecsBase","schema_type":"Iced"},"name":"validation_mae","type":"double","format":"%.5f","description":"Validation MAE"},{"__meta":{"schema_version":-1,"schema_name":"ColumnSpecsBase","schema_type":"Iced"},"name":"validation_deviance","type":"double","format":"%.5f","description":"Validation Deviance"}],"rowcount":201,"data":[["","","","","","","","","","","","","","","","","","","","","","","","","","","","","","","","","","","","","","","","","","","","","","","","","","","","","","","","","","","","","","","","","","","","","","","","","","","","","","","","","","","","","","","","","","","","","","","","","","","","","","","","","","","","","","","","","","","","","","","","","","","","","","","","","","","","","","","","","","","","","","","","","","","","","","","","","","","","","","","","","","","","","","","","","","","","","","","","","","","","","","","","","","","","","","","","","","","","","","","","",""],["2020-06-25 14:21:27","2020-06-25 14:21:27","2020-06-25 14:21:27","2020-06-25 14:21:27","2020-06-25 14:21:27","2020-06-25 14:21:27","2020-06-25 14:21:27","2020-06-25 14:21:27","2020-06-25 14:21:27","2020-06-25 14:21:27","2020-06-25 14:21:27","2020-06-25 14:21:27","2020-06-25 14:21:27","2020-06-25 14:21:27","2020-06-25 14:21:27","2020-06-25 14:21:27","2020-06-25 14:21:27","2020-06-25 14:21:27","2020-06-25 14:21:27","2020-06-25 14:21:27","2020-06-25 14:21:27","2020-06-25 14:21:27","2020-06-25 14:21:27","2020-06-25 14:21:27","2020-06-25 14:21:27","2020-06-25 14:21:27","2020-06-25 14:21:27","2020-06-25 14:21:27","2020-06-25 14:21:27","2020-06-25 14:21:27","2020-06-25 14:21:27","2020-06-25 14:21:27","2020-06-25 14:21:27","2020-06-25 14:21:27","2020-06-25 14:21:27","2020-06-25 14:21:27","2020-06-25 14:21:27","2020-06-25 14:21:27","2020-06-25 14:21:27","2020-06-25 14:21:27","2020-06-25 14:21:27","2020-06-25 14:21:27","2020-06-25 14:21:27","2020-06-25 14:21:27","2020-06-25 14:21:27","2020-06-25 14:21:27","2020-06-25 14:21:27","2020-06-25 14:21:27","2020-06-25 14:21:27","2020-06-25 14:21:27","2020-06-25 14:21:27","2020-06-25 14:21:27","2020-06-25 14:21:27","2020-06-25 14:21:27","2020-06-25 14:21:27","2020-06-25 14:21:27","2020-06-25 14:21:27","2020-06-25 14:21:27","2020-06-25 14:21:27","2020-06-25 14:21:27","2020-06-25 14:21:27","2020-06-25 14:21:27","2020-06-25 14:21:27","2020-06-25 14:21:27","2020-06-25 14:21:27","2020-06-25 14:21:27","2020-06-25 14:21:27","2020-06-25 14:21:27","2020-06-25 14:21:27","2020-06-25 14:21:27","2020-06-25 14:21:27","2020-06-25 14:21:27","2020-06-25 14:21:27","2020-06-25 14:21:27","2020-06-25 14:21:27","2020-06-25 14:21:27","2020-06-25 14:21:27","2020-06-25 14:21:27","2020-06-25 14:21:27","2020-06-25 14:21:27","2020-06-25 14:21:27","2020-06-25 14:21:27","2020-06-25 14:21:27","2020-06-25 14:21:27","2020-06-25 14:21:27","2020-06-25 14:21:27","2020-06-25 14:21:27","2020-06-25 14:21:27","2020-06-25 14:21:27","2020-06-25 14:21:27","2020-06-25 14:21:27","2020-06-25 14:21:27","2020-06-25 14:21:27","2020-06-25 14:21:27","2020-06-25 14:21:27","2020-06-25 14:21:27","2020-06-25 14:21:27","2020-06-25 14:21:27","2020-06-25 14:21:27","2020-06-25 14:21:27","2020-06-25 14:21:27","2020-06-25 14:21:27","2020-06-25 14:21:27","2020-06-25 14:21:27","2020-06-25 14:21:27","2020-06-25 14:21:27","2020-06-25 14:21:27","2020-06-25 14:21:28","2020-06-25 14:21:28","2020-06-25 14:21:28","2020-06-25 14:21:28","2020-06-25 14:21:28","2020-06-25 14:21:28","2020-06-25 14:21:28","2020-06-25 14:21:28","2020-06-25 14:21:28","2020-06-25 14:21:28","2020-06-25 14:21:28","2020-06-25 14:21:28","2020-06-25 14:21:28","2020-06-25 14:21:28","2020-06-25 14:21:28","2020-06-25 14:21:28","2020-06-25 14:21:28","2020-06-25 14:21:28","2020-06-25 14:21:28","2020-06-25 14:21:28","2020-06-25 14:21:28","2020-06-25 14:21:28","2020-06-25 14:21:28","2020-06-25 14:21:28","2020-06-25 14:21:28","2020-06-25 14:21:28","2020-06-25 14:21:28","2020-06-25 14:21:28","2020-06-25 14:21:28","2020-06-25 14:21:28","2020-06-25 14:21:28","2020-06-25 14:21:28","2020-06-25 14:21:28","2020-06-25 14:21:28","2020-06-25 14:21:28","2020-06-25 14:21:28","2020-06-25 14:21:28","2020-06-25 14:21:28","2020-06-25 14:21:28","2020-06-25 14:21:28","2020-06-25 14:21:28","2020-06-25 14:21:28","2020-06-25 14:21:28","2020-06-25 14:21:28","2020-06-25 14:21:28","2020-06-25 14:21:28","2020-06-25 14:21:28","2020-06-25 14:21:28","2020-06-25 14:21:28","2020-06-25 14:21:28","2020-06-25 14:21:28","2020-06-25 14:21:28","2020-06-25 14:21:28","2020-06-25 14:21:28","2020-06-25 14:21:28","2020-06-25 14:21:28","2020-06-25 14:21:28","2020-06-25 14:21:28","2020-06-25 14:21:28","2020-06-25 14:21:28","2020-06-25 14:21:28","2020-06-25 14:21:28","2020-06-25 14:21:28","2020-06-25 14:21:28","2020-06-25 14:21:28","2020-06-25 14:21:28","2020-06-25 14:21:28","2020-06-25 14:21:28","2020-06-25 14:21:28","2020-06-25 14:21:28","2020-06-25 14:21:28","2020-06-25 14:21:28","2020-06-25 14:21:28","2020-06-25 14:21:28","2020-06-25 14:21:28","2020-06-25 14:21:28","2020-06-25 14:21:28","2020-06-25 14:21:28","2020-06-25 14:21:28","2020-06-25 14:21:28","2020-06-25 14:21:28","2020-06-25 14:21:28","2020-06-25 14:21:28","2020-06-25 14:21:28","2020-06-25 14:21:28","2020-06-25 14:21:28","2020-06-25 14:21:28","2020-06-25 14:21:28","2020-06-25 14:21:28","2020-06-25 14:21:28","2020-06-25 14:21:28","2020-06-25 14:21:28","2020-06-25 14:21:28","2020-06-25 14:21:28"],[" 7 min 27.310 sec"," 7 min 27.317 sec"," 7 min 27.322 sec"," 7 min 27.325 sec"," 7 min 27.329 sec"," 7 min 27.332 sec"," 7 min 27.337 sec"," 7 min 27.340 sec"," 7 min 27.343 sec"," 7 min 27.346 sec"," 7 min 27.351 sec"," 7 min 27.354 sec"," 7 min 27.358 sec"," 7 min 27.362 sec"," 7 min 27.366 sec"," 7 min 27.370 sec"," 7 min 27.373 sec"," 7 min 27.378 sec"," 7 min 27.382 sec"," 7 min 27.385 sec"," 7 min 27.388 sec"," 7 min 27.394 sec"," 7 min 27.398 sec"," 7 min 27.401 sec"," 7 min 27.405 sec"," 7 min 27.411 sec"," 7 min 27.415 sec"," 7 min 27.419 sec"," 7 min 27.423 sec"," 7 min 27.427 sec"," 7 min 27.433 sec"," 7 min 27.436 sec"," 7 min 27.440 sec"," 7 min 27.446 sec"," 7 min 27.450 sec"," 7 min 27.455 sec"," 7 min 27.459 sec"," 7 min 27.465 sec"," 7 min 27.469 sec"," 7 min 27.474 sec"," 7 min 27.479 sec"," 7 min 27.483 sec"," 7 min 27.488 sec"," 7 min 27.492 sec"," 7 min 27.498 sec"," 7 min 27.502 sec"," 7 min 27.506 sec"," 7 min 27.510 sec"," 7 min 27.516 sec"," 7 min 27.520 sec"," 7 min 27.525 sec"," 7 min 27.531 sec"," 7 min 27.535 sec"," 7 min 27.540 sec"," 7 min 27.546 sec"," 7 min 27.550 sec"," 7 min 27.554 sec"," 7 min 27.561 sec"," 7 min 27.565 sec"," 7 min 27.569 sec"," 7 min 27.574 sec"," 7 min 27.580 sec"," 7 min 27.584 sec"," 7 min 27.589 sec"," 7 min 27.595 sec"," 7 min 27.600 sec"," 7 min 27.605 sec"," 7 min 27.611 sec"," 7 min 27.616 sec"," 7 min 27.622 sec"," 7 min 27.627 sec"," 7 min 27.634 sec"," 7 min 27.640 sec"," 7 min 27.645 sec"," 7 min 27.652 sec"," 7 min 27.657 sec"," 7 min 27.662 sec"," 7 min 27.668 sec"," 7 min 27.674 sec"," 7 min 27.679 sec"," 7 min 27.686 sec"," 7 min 27.691 sec"," 7 min 27.696 sec"," 7 min 27.702 sec"," 7 min 27.708 sec"," 7 min 27.713 sec"," 7 min 27.720 sec"," 7 min 27.726 sec"," 7 min 27.731 sec"," 7 min 27.738 sec"," 7 min 27.744 sec"," 7 min 27.751 sec"," 7 min 27.756 sec"," 7 min 27.762 sec"," 7 min 27.770 sec"," 7 min 27.776 sec"," 7 min 27.781 sec"," 7 min 27.789 sec"," 7 min 27.794 sec"," 7 min 27.800 sec"," 7 min 27.807 sec"," 7 min 27.813 sec"," 7 min 27.821 sec"," 7 min 27.827 sec"," 7 min 27.833 sec"," 7 min 27.840 sec"," 7 min 27.846 sec"," 7 min 27.853 sec"," 7 min 27.859 sec"," 7 min 27.868 sec"," 7 min 27.873 sec"," 7 min 27.881 sec"," 7 min 27.887 sec"," 7 min 27.895 sec"," 7 min 27.902 sec"," 7 min 27.907 sec"," 7 min 27.916 sec"," 7 min 27.922 sec"," 7 min 27.929 sec"," 7 min 27.935 sec"," 7 min 27.942 sec"," 7 min 27.950 sec"," 7 min 27.957 sec"," 7 min 27.963 sec"," 7 min 27.971 sec"," 7 min 27.978 sec"," 7 min 27.985 sec"," 7 min 27.993 sec"," 7 min 28.000 sec"," 7 min 28.006 sec"," 7 min 28.014 sec"," 7 min 28.020 sec"," 7 min 28.028 sec"," 7 min 28.034 sec"," 7 min 28.042 sec"," 7 min 28.049 sec"," 7 min 28.056 sec"," 7 min 28.064 sec"," 7 min 28.070 sec"," 7 min 28.078 sec"," 7 min 28.085 sec"," 7 min 28.093 sec"," 7 min 28.102 sec"," 7 min 28.109 sec"," 7 min 28.117 sec"," 7 min 28.124 sec"," 7 min 28.130 sec"," 7 min 28.140 sec"," 7 min 28.146 sec"," 7 min 28.154 sec"," 7 min 28.160 sec"," 7 min 28.170 sec"," 7 min 28.177 sec"," 7 min 28.186 sec"," 7 min 28.194 sec"," 7 min 28.202 sec"," 7 min 28.210 sec"," 7 min 28.220 sec"," 7 min 28.227 sec"," 7 min 28.235 sec"," 7 min 28.245 sec"," 7 min 28.253 sec"," 7 min 28.262 sec"," 7 min 28.271 sec"," 7 min 28.280 sec"," 7 min 28.287 sec"," 7 min 28.296 sec"," 7 min 28.306 sec"," 7 min 28.314 sec"," 7 min 28.323 sec"," 7 min 28.331 sec"," 7 min 28.340 sec"," 7 min 28.348 sec"," 7 min 28.357 sec"," 7 min 28.365 sec"," 7 min 28.373 sec"," 7 min 28.382 sec"," 7 min 28.390 sec"," 7 min 28.400 sec"," 7 min 28.408 sec"," 7 min 28.417 sec"," 7 min 28.425 sec"," 7 min 28.434 sec"," 7 min 28.442 sec"," 7 min 28.452 sec"," 7 min 28.460 sec"," 7 min 28.469 sec"," 7 min 28.478 sec"," 7 min 28.487 sec"," 7 min 28.495 sec"," 7 min 28.505 sec"," 7 min 28.513 sec"," 7 min 28.523 sec"," 7 min 28.531 sec"," 7 min 28.541 sec"," 7 min 28.549 sec"," 7 min 28.559 sec"," 7 min 28.567 sec"," 7 min 28.577 sec"," 7 min 28.586 sec"," 7 min 28.596 sec"],[0,1,2,3,4,5,6,7,8,9,10,11,12,13,14,15,16,17,18,19,20,21,22,23,24,25,26,27,28,29,30,31,32,33,34,35,36,37,38,39,40,41,42,43,44,45,46,47,48,49,50,51,52,53,54,55,56,57,58,59,60,61,62,63,64,65,66,67,68,69,70,71,72,73,74,75,76,77,78,79,80,81,82,83,84,85,86,87,88,89,90,91,92,93,94,95,96,97,98,99,100,101,102,103,104,105,106,107,108,109,110,111,112,113,114,115,116,117,118,119,120,121,122,123,124,125,126,127,128,129,130,131,132,133,134,135,136,137,138,139,140,141,142,143,144,145,146,147,148,149,150,151,152,153,154,155,156,157,158,159,160,161,162,163,164,165,166,167,168,169,170,171,172,173,174,175,176,177,178,179,180,181,182,183,184,185,186,187,188,189,190,191,192,193,194,195,196,197,198,199,200],[0.40482983109380954,0.3811614628238727,0.3631470107700155,0.34262874577460206,0.32435576336041455,0.30855330356991,0.2941123770603753,0.2810491774144299,0.26838749727034283,0.25771162268245335,0.24567963205868285,0.2350294613333691,0.22650392734501965,0.21889168814233034,0.21237165656066515,0.20663492394236194,0.20076776777931088,0.19535166994160813,0.1894975173932633,0.1849947440641671,0.18121119140739336,0.1770259463092722,0.17264696175202676,0.16899329912001584,0.16561193990059023,0.1623836203696716,0.15970609825895998,0.15705296826981938,0.1546794056897277,0.15241741189406344,0.15038960430069093,0.14881325483655558,0.14729054203662578,0.14541222512594063,0.14414936759381758,0.14259071326562175,0.14158810993511833,0.1402418341528706,0.1387820412248677,0.13744847737760688,0.1362689930822229,0.13498578762692745,0.13392206255626268,0.1328771629746481,0.13190846680219995,0.1311851835775514,0.13025887465129793,0.12916122660781912,0.12835834418544131,0.12754765397755108,0.12694366987620814,0.12636665716098508,0.12581967517204673,0.12520624575733888,0.12433892636755284,0.12382564175903872,0.12318006255060984,0.12265550729281179,0.12204806413048547,0.1215704115046553,0.12098630676062905,0.12053474117943427,0.12013944831605808,0.11931617308753807,0.11894413596567043,0.11856099546115022,0.11811243516152053,0.117592257578457,0.1171298000485522,0.11680887362871556,0.11633486926314857,0.11578546357944049,0.11528388050977138,0.11487207304255981,0.11450694263981374,0.11407343831678944,0.11365619489718892,0.11324832947520323,0.11300745519744619,0.11267412646874228,0.11239156057088226,0.11201166744885686,0.11166501924935363,0.11141287020624516,0.11110638064049823,0.11068020855570503,0.11043885102332959,0.11003336641972937,0.10982144734279006,0.10943776565166548,0.10914074448676209,0.10894867242084813,0.1086873068091805,0.108390667358778,0.10805962980374179,0.10777493787665082,0.10759959020590733,0.10735193922255738,0.10722473524551794,0.10700558099681881,0.10678199749064121,0.10645502720668754,0.10619195997155528,0.10586058439337159,0.10558800628964307,0.10546878857998167,0.1052588387277651,0.1050117474868574,0.10475785488338861,0.10462166910801618,0.10448144519383425,0.10431233281358535,0.10407143199065651,0.10388723670367565,0.10360046035991599,0.10340999568105819,0.10311385261759765,0.10289634857696099,0.1027258591664072,0.10255552068346327,0.10238114324482808,0.10226232938957554,0.1021777795256942,0.10195968934060731,0.10154891026131363,0.10138287364769473,0.10128330581206021,0.10106685967601671,0.1008878447162793,0.10071279874314232,0.10047767234862978,0.10030990221885333,0.1002270972878188,0.10009026583293656,0.09980132971510361,0.09946985360593025,0.09932958976833495,0.09919306571291031,0.09910660849182858,0.0989146850273477,0.09884489323494003,0.09873433865982903,0.09857517447134284,0.09837558877722073,0.0982313178776695,0.0980100221332362,0.09778906907475121,0.09763034794643488,0.09753169572970094,0.09739563594789541,0.0972921053359636,0.09722475056403967,0.09713292023896776,0.09697479120053495,0.09680935034043328,0.09669634145275435,0.0965596563661916,0.09620329252334463,0.09610195976534727,0.0959952580160501,0.09583033501423083,0.09565922284232169,0.09550357294919454,0.09521039286512031,0.09515389373956636,0.09488267921397468,0.09471625086149196,0.09457121243979655,0.09439040301652855,0.09421523813356113,0.0940882150271474,0.0939468212314048,0.09383505000541953,0.09368436052286021,0.09360739657874162,0.09334689199984803,0.09322731351081469,0.0931337143649226,0.0930393018074212,0.09292220328578941,0.09283653229010519,0.09276480894930769,0.09264707676057216,0.09251800381304905,0.09246785349636455,0.0922970457141804,0.0921453009960956,0.09204289913271643,0.0919860718711555,0.09185217977496266,0.09171667719520284,0.0916320295589773,0.09152017834653838,0.09141124770658789,0.09132788472194268,0.09117978081861498,0.09109554148640209,0.09096335514465473,0.09092187799997603,0.09082332333341832,0.0907092768215847],[0.31193718644432705,0.29076152211765954,0.27281885277735046,0.25475985010076174,0.23966599070629263,0.22718319454305091,0.21421433988149385,0.20323245912615334,0.1920624171217827,0.18208618499994744,0.17280433789158053,0.16410969288148525,0.157344815315799,0.15120029542777402,0.1453702659756237,0.14143011761271557,0.13686098557862283,0.13249502723231008,0.12871186840557539,0.12588251826814476,0.123201409431353,0.12031418656649655,0.11746905321244391,0.1155290081076426,0.11343394333602398,0.11149331968124598,0.10961895959484601,0.10810103948335592,0.10680689037196091,0.10554179006826621,0.10419030852047198,0.10299795061174905,0.10209363407351499,0.10083904471649349,0.10000836359311456,0.09890384730060973,0.09833110708546498,0.09761333838834221,0.0967487281082661,0.09584604550714362,0.09511271941451876,0.09435892198417052,0.09360758619065854,0.09292890974220232,0.09237833732261583,0.09188428550317096,0.0911934380428665,0.0904605271998217,0.08996973392314873,0.08940157171798079,0.08901584964908965,0.08860265298832186,0.0881406593696012,0.08778516560384672,0.08723021673363016,0.08685168548106215,0.08650408145732842,0.08615771478402871,0.08574081540341014,0.08536535326515392,0.08496889536161478,0.08469614264083235,0.08440502562401579,0.08377655704893945,0.08360389067468811,0.08339879470795335,0.08307356283855998,0.08270746761105532,0.08236168881918353,0.08220010727585646,0.0818914583284561,0.08148303003927033,0.08120100838797432,0.08102613792494086,0.08081546175036645,0.08056284910078851,0.08042910980851684,0.08000657983022193,0.07980885384367403,0.0796094715245316,0.07933343599920403,0.07925676599640669,0.07898115785154577,0.07882142953443434,0.07852982168328272,0.07836088602323588,0.07815713378547923,0.0778876592035163,0.07779379973439554,0.0776267667572559,0.077493538828512,0.07743980739914508,0.0773675763677011,0.07710625094210331,0.07681924722899196,0.07659122948543899,0.07646189650444135,0.07632466165053635,0.07615892574511862,0.07600514902760605,0.07578343934508919,0.07556951862491973,0.07552410898376584,0.07525286609179353,0.07507125738782192,0.07506967570683727,0.07487879433977161,0.07472229190535275,0.07455797158108765,0.07446546050667063,0.07435857153218786,0.07419936017747494,0.07419255475008792,0.0741162682699364,0.07392292153345395,0.07378183372333325,0.07360676263409818,0.07348486028772044,0.07337633644298099,0.07323323397253824,0.0730281230754815,0.07297662839497605,0.07290743381776454,0.07279384766072909,0.07263437595852668,0.07252460449875685,0.07247222892925465,0.07234918161381014,0.07223472763180966,0.07205123397468821,0.07178858254986967,0.07174732727080642,0.07169933001822455,0.07169376380756176,0.07148355233925896,0.07128058674284157,0.07114187472020576,0.07099066881750894,0.07099128655958083,0.07085653667114018,0.07080749896174542,0.07077168765133374,0.07064913490280479,0.07046165018398934,0.07028360982697071,0.07010743482705431,0.07002254941458805,0.069888362212657,0.06983776615090566,0.06978670444973761,0.06973137174333845,0.06967636750402283,0.0695573569743834,0.06944495591165502,0.06923625427216233,0.06918343545872638,0.06907631319796269,0.06889226525263777,0.06882557990266386,0.06874438881174226,0.06859551670499978,0.0684853103996023,0.06832658241406346,0.06813550508652182,0.06807601988432226,0.06791955477570834,0.06782285387968597,0.06773644277494248,0.06763245588179437,0.06747897403814088,0.06750783528367134,0.06740276314274439,0.06733922902385316,0.06726549562876005,0.06719617880953735,0.0670034264864987,0.0669024387217781,0.0667944999590312,0.06671460780612176,0.06662036854693568,0.06655682696288345,0.06652385987880878,0.0664266420203879,0.06633486253174783,0.06630491977101903,0.0662055099547026,0.0661366186496563,0.06608747269542717,0.066034010945001,0.06590369162960762,0.06581524440220424,0.0657489005833456,0.06566456386021205,0.06554363665048857,0.06548391722886296,0.06541048523964481,0.06533890087777154,0.06522341483726427,0.06518221088118283,0.06506989006893509,0.06499093479372983],[0.16388719214344238,0.14528406074203448,0.13187575143119776,0.11739445743107688,0.10520666122511725,0.09520514114390505,0.08650209034010437,0.07898864012532772,0.07203184869103829,0.0664152804656232,0.06035848160848978,0.05523884769465365,0.05130402910271793,0.047913571137799205,0.04510172051032111,0.0426979917926657,0.0403076965790873,0.038162274948975006,0.03590930909821012,0.034223055331366686,0.032837495891286955,0.03133818566669332,0.02980697340220579,0.028558735147467144,0.027427314637636705,0.02636844016436163,0.025506037821100582,0.024665634842360888,0.02392571854452737,0.02323106744848459,0.022617033081718398,0.022145384815049633,0.02169450377344303,0.02114471521607724,0.020779040177697543,0.02033211150959876,0.02004719287499915,0.01966777204656126,0.019260454966540882,0.01889208393342251,0.018569238475642916,0.018221162861261957,0.017935118839323538,0.017656340440191196,0.017399843614107083,0.017209552390275867,0.016967374425422545,0.016682622458836404,0.01647586452202822,0.016268404035177104,0.016114695321639713,0.01596853204204194,0.015830590660399352,0.015676603976647142,0.015460168610235726,0.015332789557037794,0.015173327809972152,0.015044373469257005,0.014895729957999093,0.014779364953411226,0.014637686423577033,0.014528623831193209,0.01443348704168679,0.014236349160255344,0.014147707480619892,0.014056709644738883,0.013950547339784394,0.013827939042398176,0.013719390059413819,0.013644312958409241,0.01353380180647387,0.01340627357630594,0.013290373105391246,0.013195593165095196,0.013111839912717596,0.013012749329414364,0.012917730638507794,0.012825184128924185,0.012770684930202808,0.012695458775494129,0.012631862887558297,0.012546613644673299,0.012469076523958515,0.012412827647593631,0.01234462781903128,0.012250108565934361,0.01219673981535319,0.012107341725658428,0.012060750296465212,0.011976624550828851,0.011911702107124689,0.011869813222265276,0.011812930661432932,0.011748536770481263,0.011676883593321719,0.011615437234315943,0.011577671812479188,0.011524438854843656,0.011497143848471416,0.01145019436446675,0.011402394988091305,0.011332672817576583,0.0112767323626004,0.01120646332810615,0.011148827072221706,0.01112366536452887,0.011079423130317663,0.011027467110243503,0.010974208159769107,0.010945693646947228,0.010916372389792189,0.010881062777012193,0.010830862956585844,0.010792557949925534,0.010733055386786525,0.010693627206756472,0.010632466601643648,0.010587658550471462,0.010552602141476526,0.010517634822656262,0.010481898492118006,0.010457584012182044,0.010440298628801374,0.010395778250433153,0.010312181175260327,0.010278487069064436,0.01025830803621931,0.010214510124771653,0.010178357211496087,0.010143067830676688,0.010095762640598601,0.010062076483155916,0.010045471030741894,0.010018061314507908,0.009960305412902824,0.009894251776385195,0.00986636740354571,0.009839264285525744,0.009822119846752589,0.009784114914059403,0.009770312918626694,0.009748469630593809,0.00971706502205568,0.009677756467264839,0.009649391811983751,0.00960596443855745,0.009562702030506463,0.009531684840141942,0.009512431671910964,0.009485909901694976,0.009465753760704236,0.009452652122239733,0.009434804194149674,0.009404110128387351,0.009372050313336749,0.00935018245034766,0.009323767237557005,0.009255073492332216,0.009235586670740425,0.009215089561568031,0.009183453108939714,0.009150686914796959,0.009120932446062121,0.009065018909530554,0.009054263493800686,0.009002722814822024,0.008971168177257077,0.00894371422233313,0.008909548181622684,0.00887651109656363,0.008852592206994725,0.00882600521948553,0.008805016609519583,0.008776759406577248,0.008762344694249807,0.008713642246031291,0.008691331984443731,0.00867388875140699,0.008656311680812412,0.008634535863485573,0.008618621727651743,0.008605309779401556,0.008583480832279349,0.008559581029551358,0.008550303930225137,0.008518744647565506,0.008490756495661056,0.00847189528075541,0.008461437418285384,0.00843682292941206,0.00841194887572904,0.00839642884109729,0.008375943044582192,0.008356016207275168,0.008340782527784451,0.00831375243013067,0.008298397678700803,0.008274331979172584,0.008266787899042526,0.008248876061326647,0.008228172901494881],[0.38615993810777455,0.361989041441021,0.34645149448441964,0.32621354049790596,0.30934155106442823,0.29361670748991253,0.28024798151082303,0.26820499258038044,0.25505308870111754,0.24493351355044357,0.23345796680583036,0.2232177776992559,0.2160850713877911,0.2080070988527294,0.20123139919171013,0.19652626537732001,0.19096356555622218,0.18645066708270439,0.18066690228610435,0.17697960248901398,0.17381385907148605,0.17006389806290917,0.165441727445856,0.16190236762386062,0.15917191909412956,0.15614606398438305,0.15354285769595447,0.15112868617584857,0.14992318763318296,0.14805822129892698,0.14614681226192908,0.14479866305930442,0.14353933703673702,0.1417278354430058,0.14056694687727628,0.13919232213284038,0.13841967805819042,0.13737523742052074,0.13618085262963306,0.1353903151703621,0.13472042728876538,0.13345244032863557,0.13244210222555136,0.13159367701565658,0.13072341695579606,0.1302875294404395,0.1292781393384001,0.1284669612684477,0.12772423406260172,0.12732626789360688,0.12688445226919615,0.1264540652633128,0.12602147940974684,0.1257165633806695,0.1253657827352124,0.1248683292167694,0.12464581166741741,0.124124133155764,0.12376061161341825,0.12357063365665852,0.12304309562930611,0.12295863911547554,0.12258151985508108,0.12157451652616093,0.1214607730979228,0.12134729012845177,0.12095889986777905,0.12068355440675783,0.12037640399690784,0.12031975706020234,0.11997490416051172,0.11947446850601078,0.11930487527875236,0.11904212424004966,0.11871506655596972,0.11851675362356984,0.11831578745657553,0.1180426641830309,0.11774531410178164,0.11767123418151097,0.11754753172680962,0.11749669996885262,0.11729879750510105,0.1170354861810896,0.11683019766149948,0.11683731076353493,0.11648397368050514,0.11634191500503684,0.11623059348944317,0.11603839475674259,0.11562056169002323,0.11553246831177824,0.11552165842530682,0.11548937962583096,0.11536841012994822,0.11510842810622188,0.11490981065509127,0.11462833633258074,0.11460086646819363,0.1143794861955255,0.11412486635630419,0.11414249267162042,0.11423820918762208,0.11433478682085448,0.11433578231396287,0.11438445317425726,0.11423914875093788,0.11393651724078831,0.11375726640389575,0.11374104019719687,0.11370826030848928,0.11354873532168393,0.1137063093461868,0.11360294399320568,0.11340988099902559,0.1133348431948066,0.11336366468185555,0.11334006415333281,0.11318100650603494,0.11319873731906702,0.1131194556004957,0.11313505891241776,0.11312858391882769,0.11309220707016783,0.1128633724613169,0.1127550435351755,0.11272964322565932,0.11269238544353997,0.11257060692093929,0.11236075510257124,0.11226405272373986,0.112293619984638,0.11224990113384062,0.11233258918299552,0.11240163845980161,0.11247316354469633,0.11237907316750151,0.11235301971669735,0.11238684663379273,0.1122472489471286,0.11223948484845378,0.11213002443932506,0.1121865424014628,0.11207160977127989,0.11204586427843745,0.111899959910494,0.11183681126971537,0.11161617698209961,0.11168464153384616,0.11167067333592379,0.11173703314999171,0.11170183039854298,0.11168551587792973,0.11169752695502222,0.11166627580884393,0.11176364856338185,0.11150590556946553,0.11153615374921601,0.11152994769195401,0.11157024929133674,0.1114136169665035,0.11146547242240064,0.1113591747737624,0.11131458283269272,0.11126499811940924,0.11137056577909313,0.11130123856608319,0.11118826955808393,0.1111251465806422,0.11088595274540541,0.11096927162861017,0.1108933317783972,0.11095201515566157,0.11089383693869395,0.1108798551530599,0.11086038835105419,0.11077333366889802,0.11068923686451981,0.11069509328468985,0.11061737199440022,0.11049316998030385,0.1103630814786983,0.11041804003243809,0.11037723337604954,0.11043434478480117,0.11042974876378431,0.11047892232765849,0.11052389997216858,0.11049312093404164,0.11047621787145759,0.11045412790204298,0.11036542838530718,0.11037277451686348,0.11037695285052769,0.11034613490621302,0.11040517582929728,0.11028948407887527,0.11032140638728742,0.11038441227478195,0.11030662699669544,0.11026688818560952],[0.3051458168120365,0.28318779811574585,0.26792367031476694,0.2509548024513937,0.23692927669280855,0.22406556047997264,0.2128355365464693,0.20301885892000773,0.19183025840860177,0.1827127498917369,0.17353916576122078,0.16624473162733772,0.16110067542241013,0.15454464226772424,0.1489879722820784,0.1450564441959093,0.14083941192731908,0.13717906007057346,0.13287076568603623,0.12999592796886092,0.1275064250890572,0.12477795647808086,0.12164259917589683,0.11920553161802526,0.11731555986780566,0.11504537818845487,0.11311189707544567,0.11141485080438442,0.11027736847601212,0.10897803429807074,0.10745217416327842,0.10649648439902477,0.10551167323295652,0.10405248196803961,0.10313980434293367,0.1022115171559038,0.10158253518937477,0.10038097589732431,0.09937606799735062,0.09902059693337975,0.0984125080764186,0.0975275533576988,0.09667908936713587,0.09606051885553338,0.0954308659259082,0.0950983521058509,0.0944211742651825,0.09373464550013784,0.09312098917755336,0.09285629979099952,0.09247536438810841,0.0920797408820669,0.09161981014316226,0.09161758213058535,0.0914635918147426,0.09106763742485789,0.09098841751333078,0.09066114092218994,0.09035906893475072,0.09014126187708309,0.08969744963937558,0.08958423139698213,0.08929286421833593,0.08847346603639558,0.08831235872912645,0.08824930579062278,0.08791394241978275,0.08754265896192587,0.08720471123485542,0.08716969893075802,0.08696403979683089,0.086475481021674,0.08624449713856316,0.08601050574281383,0.08570001100535049,0.0854776198352781,0.08542684996897772,0.08533747984574964,0.08509678633133744,0.08506405586060702,0.08493462151645453,0.08494291614886677,0.08480907144812172,0.08463477235035283,0.08442336140449362,0.08439987174058525,0.08408761699172312,0.0840228920922812,0.08391214523035348,0.08374365613849397,0.08342155772328556,0.08338820273632645,0.08338203224418932,0.08340307425885712,0.08328110998770795,0.08304998124953941,0.08287628464161716,0.08261407511816868,0.08253590501100432,0.08232051221430381,0.08216972889284367,0.0821639133233695,0.08224093922523379,0.08236144799894829,0.08236001600550398,0.08240261440723187,0.08227289587409936,0.082025811896534,0.08191025190518694,0.08187362218641048,0.08181438520049107,0.08171438240040406,0.0818186394087466,0.081744132398693,0.0816379634983378,0.0816365477346716,0.08161919770968948,0.08161399889805905,0.0815337395515242,0.08152489336060642,0.08143520984857823,0.081430168070958,0.08135671301775275,0.08133479319130806,0.08112500756556441,0.08108105401152517,0.08102696545712333,0.0809400729371504,0.0807888923522872,0.08062935333166361,0.08057854053216691,0.08058729220037536,0.08057140492166912,0.08060452523515194,0.08059673644197177,0.08070130942861763,0.0805826344606757,0.08049733612112289,0.0805224404383272,0.08034866140366043,0.0803392454810513,0.08026820919749644,0.08031126204979189,0.0800736050576092,0.08006290950426798,0.07996130957777668,0.0799495644400571,0.07978351046681435,0.07982296322046159,0.0797756480878429,0.07984668483981601,0.07982665315817714,0.07977792200980559,0.07978261128611357,0.07970670826959812,0.079835608457226,0.07966763399862913,0.0796133402848163,0.07960643025347014,0.07966305921664721,0.0795343332846276,0.07959807841996709,0.07948297684106372,0.07951368090183643,0.0794345558910475,0.07953361985082713,0.0794836060005052,0.07940867695522474,0.07938608780270663,0.07920573899039068,0.0792697218096001,0.07925181939219185,0.07926418508455502,0.07920741041111433,0.07915193156846866,0.07915056552819487,0.07909013167601746,0.07903539822251338,0.0790237773017232,0.0789837850033476,0.07888587152416285,0.07882696780331555,0.07888407549996,0.07885262168224133,0.07891082113441543,0.07891755724312301,0.0789787831394989,0.07899079319049597,0.07897764205153139,0.07894759115377836,0.07894399516730455,0.07884816936742775,0.07885558540384757,0.07880430941087212,0.07875712296887988,0.07879202075905113,0.07876704291277731,0.07881110891749499,0.07882402230995611,0.07877312470270519,0.0788358021012615],[0.14911949779940026,0.13103606612338922,0.12002863803048786,0.10641527400417894,0.09569219521494625,0.08621077091721686,0.07853893114089061,0.07193391804504193,0.06505207805598012,0.05999242606016532,0.05450262226511219,0.04982617628099443,0.04669275807666678,0.04326695317312914,0.0404940760206534,0.03862257298315681,0.036467083369945565,0.03476385125558546,0.03264052958165678,0.031321779697169407,0.030211257605322412,0.02892172942435156,0.027370965180268905,0.026212376642211713,0.025335699828108127,0.024381593297815043,0.023575409149440126,0.02283987978523812,0.022476962190094586,0.021921236894202032,0.02135889073432354,0.020966652823761967,0.020603541276945986,0.020086779339359727,0.019759066554399008,0.01937450254073241,0.01916000727373308,0.01887195585634444,0.01854522462293384,0.01833053744192998,0.01814959352886752,0.017809553829668034,0.017540910441923394,0.017316895830500945,0.017088611740598912,0.01697484032769339,0.01671283731079879,0.016503760137548843,0.016313479966878267,0.016211978495714544,0.016099664227653916,0.015990630621618172,0.015881413272621245,0.015804654308245892,0.01571657948081248,0.015592099641387505,0.01553657836622929,0.01540680043166983,0.015316688986927356,0.015269701502308108,0.01513960338204257,0.01511882693312975,0.015026229009981636,0.014780363068569778,0.014752719401545088,0.014725164821518649,0.0146310554572234,0.014564520304248877,0.014490478639226772,0.014476843939026112,0.014393977628323973,0.014274148624793762,0.014233653265278656,0.014171027343583418,0.01409326702738832,0.014046220889469954,0.013998625561469557,0.013934070567427808,0.013863958992927219,0.013846519353799998,0.013817422215065316,0.013805474503570572,0.013759007896142702,0.013697305025644013,0.013649295085625039,0.013650957186454834,0.013568516124400616,0.013535441187039214,0.013509550862908191,0.013464909057721627,0.013368114285516468,0.013347751234212044,0.01334525356533326,0.0133377968063593,0.013309870055911941,0.01324995022108525,0.01320426458478893,0.01313965549037525,0.013133358595260748,0.013082666862352408,0.01302448512084429,0.01302850863329092,0.0130503684383949,0.013072443477370238,0.013072671117345903,0.013083803127973852,0.013050583107338911,0.012981529960960452,0.012940715659686908,0.012937024225140356,0.012929568462383158,0.01289331529315383,0.01292912478513073,0.012905628883923426,0.012861801108213144,0.012844786681991401,0.012851320470100182,0.012845970142281596,0.012809940233719123,0.012813954130631135,0.01279601123535252,0.012799541555116237,0.012798076499479238,0.012789847300001718,0.012738140843341947,0.012713699842619323,0.012707972461784438,0.01269957373695538,0.012672141542548624,0.012624939287219989,0.012603217533958643,0.01260985708925429,0.012600040304556992,0.012618610592555642,0.012634128328447953,0.012650212517752007,0.012629056085986657,0.012623201039460585,0.012630803296287647,0.012599444896198663,0.012597701959046286,0.012573142380763635,0.01258582029599521,0.012560045716726037,0.012554275701902025,0.012521601027970165,0.012507472354977935,0.012458170964099381,0.012473459154543716,0.0124703392832986,0.012485164577162346,0.012477298914384859,0.012473654456919293,0.012476337527867915,0.012469357153016803,0.012491113140199126,0.012433566976866565,0.012440313593168752,0.012438929232169998,0.012447920526931026,0.012412994045558757,0.012424551542348956,0.01240086580629336,0.012390936351216407,0.012379899806512142,0.012403402921955308,0.012387965706344163,0.012362831287321135,0.012348798202569213,0.012295694516256282,0.012314179245784268,0.012297331032913679,0.012310349667102153,0.012297443070985643,0.012294342278763543,0.012290025705346552,0.012270731452121016,0.012252107157649773,0.012253403677306188,0.012236202986947518,0.012208740612296322,0.012180009753473801,0.012192143564605101,0.012183133647750906,0.012195744508048343,0.012194729412032522,0.012205592278680797,0.012215532465057926,0.012208729773744749,0.012204994715181765,0.01220011437060087,0.012180527782672366,0.012182149354550387,0.012183071720567613,0.012176269488740163,0.012189302849898047,0.012163770298384483,0.01217081270726902,0.012184718473249031,0.0121675519593881,0.012158786630137714]]},"training_metrics":{"__meta":{"schema_version":3,"schema_name":"ModelMetricsRegressionV3","schema_type":"ModelMetricsRegression"},"model":{"__meta":{"schema_version":3,"schema_name":"ModelKeyV3","schema_type":"Key<Model>"},"name":"gbm_grid1_model_264","type":"Key<Model>","URL":"/3/Models/gbm_grid1_model_264"},"model_checksum":4622201639665680224,"frame":{"__meta":{"schema_version":3,"schema_name":"FrameKeyV3","schema_type":"Key<Frame>"},"name":"Key_Frame__upload_b2f5386aecd47f72f3bee76981f243ae.hex","type":"Key<Frame>","URL":"/3/Frames/Key_Frame__upload_b2f5386aecd47f72f3bee76981f243ae.hex"},"frame_checksum":1071437696594143532,"description":null,"model_category":"Regression","scoring_time":1593120088749,"predictions":null,"MSE":0.008228172901494881,"RMSE":0.0907092768215847,"nobs":1022,"custom_metric_name":null,"custom_metric_value":0.0,"r2":0.9497936794577928,"mean_residual_deviance":0.008228172901494881,"mae":0.06499093479372983,"rmsle":0.007051113725070085},"validation_metrics":{"__meta":{"schema_version":3,"schema_name":"ModelMetricsRegressionV3","schema_type":"ModelMetricsRegression"},"model":{"__meta":{"schema_version":3,"schema_name":"ModelKeyV3","schema_type":"Key<Model>"},"name":"gbm_grid1_model_264","type":"Key<Model>","URL":"/3/Models/gbm_grid1_model_264"},"model_checksum":4622201639665680224,"frame":{"__meta":{"schema_version":3,"schema_name":"FrameKeyV3","schema_type":"Key<Frame>"},"name":"Key_Frame__upload_a7b61891a28b28f1da5a7b42c51341d8.hex","type":"Key<Frame>","URL":"/3/Frames/Key_Frame__upload_a7b61891a28b28f1da5a7b42c51341d8.hex"},"frame_checksum":-4829945149379199010,"description":null,"model_category":"Regression","scoring_time":1593120088749,"predictions":null,"MSE":0.012158786630137714,"RMSE":0.11026688818560952,"nobs":438,"custom_metric_name":null,"custom_metric_value":0.0,"r2":0.9184362431550652,"mean_residual_deviance":0.012158786630137714,"mae":0.0788358021012615,"rmsle":0.008530803727425061},"cross_validation_metrics":null,"cross_validation_metrics_summary":null,"status":null,"start_time":1593120087461,"end_time":1593120088757,"run_time":1296,"help":{"validation_metrics":"Validation data model metrics", "cross_validation_metrics_summary":"Cross-validation model metrics summary", "run_time":"Runtime in milliseconds", "status":"Job status", "domains":"Domains for categorical columns", "model_category":"Category of the model (e.g., Binomial)", "__meta":"Metadata on this schema instance, to make it self-describing.", "variable_importances":"Variable Importances", "model_summary":"Model summary", "scoring_history":"Scoring history", "help":"Help information for output fields", "end_time":"End time in milliseconds", "names":"Column names", "column_types":"Column types", "cross_validation_fold_assignment_frame_id":"Cross-validation fold assignment (each row is assigned to one holdout fold)", "start_time":"Start time in milliseconds", "training_metrics":"Training data model metrics", "cross_validation_models":"Cross-validation models (model ids)", "cross_validation_metrics":"Cross-validation model metrics", "cross_validation_predictions":"Cross-validation predictions, one per cv model (deprecated, use cross_validation_holdout_predictions_frame_id instead)", "init_f":"The Intercept term, the initial model function value to which trees make adjustments", "cross_validation_holdout_predictions_frame_id":"Cross-validation holdout predictions (full out-of-sample predictions on training data)"},"variable_importances":{"__meta":{"schema_version":3,"schema_name":"TwoDimTableV3","schema_type":"TwoDimTable"},"name":"Variable Importances","description":"","columns":[{"__meta":{"schema_version":-1,"schema_name":"ColumnSpecsBase","schema_type":"Iced"},"name":"variable","type":"string","format":"%s","description":"Variable"},{"__meta":{"schema_version":-1,"schema_name":"ColumnSpecsBase","schema_type":"Iced"},"name":"relative_importance","type":"double","format":"%5f","description":"Relative Importance"},{"__meta":{"schema_version":-1,"schema_name":"ColumnSpecsBase","schema_type":"Iced"},"name":"scaled_importance","type":"double","format":"%5f","description":"Scaled Importance"},{"__meta":{"schema_version":-1,"schema_name":"ColumnSpecsBase","schema_type":"Iced"},"name":"percentage","type":"double","format":"%5f","description":"Percentage"}],"rowcount":76,"data":[["TotalSF","Neighborhood","OverallQual","GrLivArea","FullBath","Age_Renovation","GarageCars","ExterQual","Fireplaces","GarageType","1stFlrSF","GarageArea","BsmtFinSF1","Age_House","OverallCond","LotArea","LotFrontage","CentralAir","SaleCondition","KitchenQual","OpenPorchSF","MSZoning","Functional","Condition1","HalfBath","PavedDrive","Exterior1st","BsmtUnfSF","TotalBsmtSF","Garage_age","WoodDeckSF","Foundation","ScreenPorch","2ndFlrSF","BsmtExposure","BsmtFinType1","HeatingQC","TotRmsAbvGrd","RoofMatl","BsmtFullBath","ExterCond","BsmtQual","KitchenAbvGr","Exterior2nd","YrSold","BsmtFinSF2","MasVnrArea","EnclosedPorch","SaleType","LotConfig","BsmtCond","Fence","HouseStyle","LandContour","Heating","GarageFinish","BldgType","BedroomAbvGr","FireplaceQu","GarageCond","Alley","RoofStyle","MasVnrType","3SsnPorch","Street","LotShape","Utilities","LandSlope","Condition2","BsmtFinType2","Electrical","LowQualFinSF","BsmtHalfBath","PoolQC","MiscFeature","MiscVal"],[174.16452026367188,163.25942993164062,103.14083099365234,84.8416976928711,49.20107650756836,39.219295501708984,31.30026626586914,21.718727111816406,16.337263107299805,13.541942596435547,12.64328670501709,11.057971000671387,10.98444652557373,9.517231941223145,9.013557434082031,8.838895797729492,5.518167972564697,5.051601886749268,4.633449554443359,4.266903400421143,3.061321973800659,3.016991138458252,2.411964178085327,2.1107237339019775,2.0906195640563965,2.0137453079223633,1.753097414970398,1.6714661121368408,1.6322526931762695,1.5484076738357544,1.4399274587631226,1.3750696182250977,1.3610526323318481,1.270554542541504,1.1010029315948486,1.076826572418213,0.9576071500778198,0.7453819513320923,0.6655197739601135,0.5999564528465271,0.5867068767547607,0.552131712436676,0.46718451380729675,0.4191468358039856,0.3164556920528412,0.3100825548171997,0.2967411279678345,0.26382407546043396,0.26106736063957214,0.23631244897842407,0.2293025702238083,0.22233542799949646,0.17002342641353607,0.16859109699726105,0.15754899382591248,0.11727716028690338,0.11047624796628952,0.10346360504627228,0.04726891219615936,0.046928614377975464,0.040943391621112823,0.03568221256136894,0.03264227509498596,0.02269984968006611,0.0,0.0,0.0,0.0,0.0,0.0,0.0,0.0,0.0,0.0,0.0,0.0],[1.0,0.9373862695138955,0.5922034570388099,0.48713536812450203,0.282497700640071,0.2251853330536779,0.17971666225981567,0.12470236233496869,0.09380362362303428,0.07775373868302266,0.0725939283493338,0.06349152504729699,0.06306936974846605,0.054645067358235634,0.05175312067254679,0.050750266382315265,0.03168365155090491,0.029004770197176358,0.02660386597355574,0.0244992688175604,0.01757718488912696,0.01732265064027252,0.013848768821765743,0.012119137300217644,0.012003705237389091,0.011562316508974994,0.010065755139544733,0.009597052887731484,0.009371901295999683,0.008890488553533077,0.008267627967987863,0.007895233863609801,0.007814752569991396,0.007295139909196091,0.006321625839338653,0.0061828124969883595,0.0054982906313414195,0.004279757726795564,0.0038212132583178657,0.003444768497844673,0.0033686934392063955,0.0031701733028104144,0.0026824321802168135,0.0024066143619230203,0.001816992873024605,0.0017804002465471051,0.0017037978086385844,0.0015147980487703484,0.0014989698260261962,0.0013568346102906892,0.0013165860065911335,0.0012765827831230925,9.76223091569589E-4,9.679990892635705E-4,9.045986724930844E-4,6.733699843650972E-4,6.343212027285285E-4,5.940567280272482E-4,2.714037975392337E-4,2.6944991038891904E-4,2.3508457152540387E-4,2.048764725866599E-4,1.8742207107146755E-4,1.3033567138531004E-4,0.0,0.0,0.0,0.0,0.0,0.0,0.0,0.0,0.0,0.0,0.0,0.0],[0.21360211655920058,0.2002276912017013,0.1264959118571654,0.10405314568223896,0.0603421067798266,0.04810006375835411,0.03838785943965163,0.026636688534681645,0.02003665254680275,0.01660836315308463,0.015506216744764652,0.013561924133674134,0.013471750868327165,0.011672302047239215,0.011054576114199712,0.010840364315205783,0.006767695031597487,0.006195480304430091,0.005682642080608803,0.0052330956735837245,0.0037545238954699157,0.0037001548411778012,0.0029581263320682294,0.0025886733781980446,0.0025640168452590708,0.002469735278644446,0.0021500666025734065,0.002049950809550033,0.002001857953009447,0.0018990271722800108,0.0017659828328862501,0.0016864386639969284,0.0016692476893366143,0.0015582573251997792,0.0013503126593780693,0.0013206618356453896,0.0011744465163121504,9.141653088041254E-4,8.162192398007753E-4,7.358098421960802E-4,7.195600486535787E-4,6.77155727339776E-4,5.729731912208223E-4,5.14057921448527E-4,3.881135234510384E-4,3.802972609849842E-4,3.6393481811412945E-4,3.2356406937709357E-4,3.2018312749757216E-4,2.898227445788693E-4,2.812255576400917E-4,2.7268078443812744E-4,2.0852331859323047E-4,2.067666542940772E-4,1.9322419108116592E-4,1.4383325388782055E-4,1.3549235148119145E-4,1.268917744628536E-4,5.797242559658507E-5,5.755507116576004E-5,5.021456204823904E-5,4.376204817769359E-5,4.003375107077439E-5,2.7839975271066656E-5,0.0,0.0,0.0,0.0,0.0,0.0,0.0,0.0,0.0,0.0,0.0,0.0]]},"init_f":12.026141207300826},"compatible_frames":null}
